"radius","area"
0,0
1,6.2857142857
2,12.5714285714
3,18.8571428571
4,25.1428571429
5,31.4285714286
